{"cameraMode":{"drawMode":0,"name":"Shaded","section":"Shading Mode"},"sceneLighting":true,"audioPlay":false,"sceneViewState":{"showFog":true,"showMaterialUpdate":false,"showSkybox":true,"showFlares":true,"showImageEffects":true,"showParticleSystems":true},"in2DMode":false,"pivot":{"x":-0.505126953125,"y":-0.03836822509765625,"z":0.9544525146484375},"rotation":{"x":-0.01579684019088745,"y":0.6594883799552918,"z":-0.013834751211106778,"w":-0.7514752149581909},"size":1.2819143533706666,"orthographic":true}